school;sex;age;address;famsize;Pstatus;Medu;Fedu;Mjob;Fjob;reason;guardian;traveltime;studytime;failures;schoolsup;famsup;paid;activities;nursery;higher;internet;romantic;famrel;freetime;goout;Dalc;Walc;health;absences;G1;G2;G3;roommates
"GP";"F";18;"U";"GT3";"A";4;4;"at_home";"teacher";"course";"mother";2;2;0;"yes";"no";"no";"no";"yes";"yes";"no";"no";4;3;4;1;1;3;6;"5";"6";6;"341,150"
"GP";"F";17;"U";"GT3";"T";1;1;"at_home";"other";"course";"father";1;2;0;"no";"yes";"no";"no";"no";"yes";"yes";"no";5;3;3;1;1;3;4;"5";"5";6;
"GP";"F";15;"U";"LE3";"T";1;1;"at_home";"other";"other";"mother";1;2;3;"yes";"no";"yes";"no";"yes";"yes";"yes";"no";4;3;2;2;3;3;10;"7";"8";10;"54"
"GP";"F";15;"U";"GT3";"T";4;2;"health";"services";"home";"mother";1;3;0;"no";"yes";"yes";"yes";"yes";"yes";"yes";"yes";3;2;2;1;1;5;2;"15";"14";15;"11"
"GP";"F";16;"U";"GT3";"T";3;3;"other";"other";"home";"father";1;2;0;"no";"yes";"yes";"no";"yes";"yes";"no";"no";4;3;2;1;2;5;4;"6";"10";10;"41,12,201"
"GP";"M";16;"U";"LE3";"T";4;3;"services";"other";"reputation";"mother";1;2;0;"no";"yes";"yes";"yes";"yes";"yes";"yes";"no";5;4;2;1;2;5;10;"15";"15";15;"213,10"
"GP";"M";16;"U";"LE3";"T";2;2;"other";"other";"home";"mother";1;2;0;"no";"no";"no";"no";"yes";"yes";"yes";"no";4;4;4;1;1;3;0;"12";"12";11;"188,32,358"
"GP";"F";17;"U";"GT3";"A";4;4;"other";"teacher";"home";"mother";2;2;0;"yes";"yes";"no";"no";"yes";"yes";"no";"no";4;1;4;1;1;1;6;"6";"5";6;"372,66"
"GP";"M";15;"U";"LE3";"A";3;2;"services";"other";"home";"mother";1;2;0;"no";"yes";"yes";"no";"yes";"yes";"yes";"no";4;2;2;1;1;1;0;"16";"18";19;"37"
"GP";"M";15;"U";"GT3";"T";3;4;"other";"other";"home";"mother";1;2;0;"no";"yes";"yes";"yes";"yes";"yes";"yes";"no";5;5;1;1;1;5;0;"14";"15";15;"152,350,41"
"GP";"F";15;"U";"GT3";"T";4;4;"teacher";"health";"reputation";"mother";1;2;0;"no";"yes";"yes";"no";"yes";"yes";"yes";"no";3;3;3;1;2;2;0;"10";"8";9;
"GP";"F";15;"U";"GT3";"T";2;1;"services";"other";"reputation";"father";3;3;0;"no";"yes";"no";"yes";"yes";"yes";"yes";"no";5;2;2;1;1;4;4;"10";"12";12;"196,183,291"
"GP";"M";15;"U";"LE3";"T";4;4;"health";"services";"course";"father";1;1;0;"no";"yes";"yes";"yes";"yes";"yes";"yes";"no";4;3;3;1;3;5;2;"14";"14";14;"111"
"GP";"M";15;"U";"GT3";"T";4;3;"teacher";"other";"course";"mother";2;2;0;"no";"yes";"yes";"no";"yes";"yes";"yes";"no";5;4;3;1;2;3;2;"10";"10";11;"15,372"
"GP";"M";15;"U";"GT3";"A";2;2;"other";"other";"home";"other";1;3;0;"no";"yes";"no";"no";"yes";"yes";"yes";"yes";4;5;2;1;1;3;0;"14";"16";16;"335,50,164"
"GP";"F";16;"U";"GT3";"T";4;4;"health";"other";"home";"mother";1;1;0;"no";"yes";"no";"no";"yes";"yes";"yes";"no";4;4;4;1;2;2;4;"14";"14";14;"267,41"
"GP";"F";16;"U";"GT3";"T";4;4;"services";"services";"reputation";"mother";1;3;0;"no";"yes";"yes";"yes";"yes";"yes";"yes";"no";3;2;3;1;2;2;6;"13";"14";14;"181"
"GP";"F";16;"U";"GT3";"T";3;3;"other";"other";"reputation";"mother";3;2;0;"yes";"yes";"no";"yes";"yes";"yes";"no";"no";5;3;2;1;1;4;4;"8";"10";10;
"GP";"M";17;"U";"GT3";"T";3;2;"services";"services";"course";"mother";1;1;3;"no";"yes";"no";"yes";"yes";"yes";"yes";"no";5;5;5;2;4;5;16;"6";"5";5;
"GP";"M";16;"U";"LE3";"T";4;3;"health";"other";"home";"father";1;1;0;"no";"no";"yes";"yes";"yes";"yes";"yes";"no";3;1;3;1;3;5;4;"8";"10";10;
"GP";"M";15;"U";"GT3";"T";4;3;"teacher";"other";"reputation";"mother";1;2;0;"no";"no";"no";"no";"yes";"yes";"yes";"no";4;4;1;1;1;1;0;"13";"14";15;"320,34,210"
"GP";"M";15;"U";"GT3";"T";4;4;"health";"health";"other";"father";1;1;0;"no";"yes";"yes";"no";"yes";"yes";"yes";"no";5;4;2;1;1;5;0;"12";"15";15;"369,348"
"GP";"M";16;"U";"LE3";"T";4;2;"teacher";"other";"course";"mother";1;2;0;"no";"no";"no";"yes";"yes";"yes";"yes";"no";4;5;1;1;3;5;2;"15";"15";16;"207,179"
"GP";"M";16;"U";"LE3";"T";2;2;"other";"other";"reputation";"mother";2;2;0;"no";"yes";"no";"yes";"yes";"yes";"yes";"no";5;4;4;2;4;5;0;"13";"13";12;
"GP";"F";15;"R";"GT3";"T";2;4;"services";"health";"course";"mother";1;3;0;"yes";"yes";"yes";"yes";"yes";"yes";"yes";"no";4;3;2;1;1;5;2;"10";"9";8;"337,375"
"GP";"F";16;"U";"GT3";"T";2;2;"services";"services";"home";"mother";1;1;2;"no";"yes";"yes";"no";"no";"yes";"yes";"no";1;2;2;1;3;5;14;"6";"9";8;"74,380"
"GP";"M";15;"U";"GT3";"T";2;2;"other";"other";"home";"mother";1;1;0;"no";"yes";"yes";"no";"yes";"yes";"yes";"no";4;2;2;1;2;5;2;"12";"12";11;
"GP";"M";15;"U";"GT3";"T";4;2;"health";"services";"other";"mother";1;1;0;"no";"no";"yes";"no";"yes";"yes";"yes";"no";2;2;4;2;4;1;4;"15";"16";15;"42,302"
"GP";"M";16;"U";"LE3";"A";3;4;"services";"other";"home";"mother";1;2;0;"yes";"yes";"no";"yes";"yes";"yes";"yes";"no";5;3;3;1;1;5;4;"11";"11";11;"179"
"GP";"M";16;"U";"GT3";"T";4;4;"teacher";"teacher";"home";"mother";1;2;0;"no";"yes";"yes";"yes";"yes";"yes";"yes";"yes";4;4;5;5;5;5;16;"10";"12";11;"9,205"
"GP";"M";15;"U";"GT3";"T";4;4;"health";"services";"home";"mother";1;2;0;"no";"yes";"yes";"no";"no";"yes";"yes";"no";5;4;2;3;4;5;0;"9";"11";12;"95"
"GP";"M";15;"U";"GT3";"T";4;4;"services";"services";"reputation";"mother";2;2;0;"no";"yes";"no";"yes";"yes";"yes";"yes";"no";4;3;1;1;1;5;0;"17";"16";17;"362,338"
"GP";"M";15;"R";"GT3";"T";4;3;"teacher";"at_home";"course";"mother";1;2;0;"no";"yes";"no";"yes";"yes";"yes";"yes";"yes";4;5;2;1;1;5;0;"17";"16";16;"340"
"GP";"M";15;"U";"LE3";"T";3;3;"other";"other";"course";"mother";1;2;0;"no";"no";"no";"yes";"no";"yes";"yes";"no";5;3;2;1;1;2;0;"8";"10";12;"232,318"
"GP";"M";16;"U";"GT3";"T";3;2;"other";"other";"home";"mother";1;1;0;"no";"yes";"yes";"no";"no";"yes";"yes";"no";5;4;3;1;1;5;0;"12";"14";15;
"GP";"F";15;"U";"GT3";"T";2;3;"other";"other";"other";"father";2;1;0;"no";"yes";"no";"yes";"yes";"yes";"no";"no";3;5;1;1;1;5;0;"8";"7";6;"65"
"GP";"M";15;"U";"LE3";"T";4;3;"teacher";"services";"home";"mother";1;3;0;"no";"yes";"no";"yes";"yes";"yes";"yes";"no";5;4;3;1;1;4;2;"15";"16";18;"341,72,63"
"GP";"M";16;"R";"GT3";"A";4;4;"other";"teacher";"reputation";"mother";2;3;0;"no";"yes";"no";"yes";"yes";"yes";"yes";"yes";2;4;3;1;1;5;7;"15";"16";15;
"GP";"F";15;"R";"GT3";"T";3;4;"services";"health";"course";"mother";1;3;0;"yes";"yes";"yes";"yes";"yes";"yes";"yes";"no";4;3;2;1;1;5;2;"12";"12";11;
"GP";"F";15;"R";"GT3";"T";2;2;"at_home";"other";"reputation";"mother";1;1;0;"yes";"yes";"yes";"yes";"yes";"yes";"no";"no";4;3;1;1;1;2;8;"14";"13";13;"166,342,356"
"GP";"F";16;"U";"LE3";"T";2;2;"other";"other";"home";"mother";2;2;1;"no";"yes";"no";"yes";"no";"yes";"yes";"yes";3;3;3;1;2;3;25;"7";"10";11;"186,60"
"GP";"M";15;"U";"LE3";"T";4;4;"teacher";"other";"home";"other";1;1;0;"no";"yes";"no";"no";"no";"yes";"yes";"yes";5;4;3;2;4;5;8;"12";"12";12;
"GP";"M";15;"U";"GT3";"T";4;4;"services";"teacher";"course";"father";1;2;0;"no";"yes";"no";"yes";"yes";"yes";"yes";"no";4;3;3;1;1;5;2;"19";"18";18;"86,186"
"GP";"M";15;"U";"GT3";"T";2;2;"services";"services";"course";"father";1;1;0;"yes";"yes";"no";"no";"yes";"yes";"yes";"no";5;4;1;1;1;1;0;"8";"8";11;
"GP";"F";16;"U";"LE3";"T";2;2;"other";"at_home";"course";"father";2;2;1;"yes";"no";"no";"yes";"yes";"yes";"yes";"no";4;3;3;2;2;5;14;"10";"10";9;"67,13"
"GP";"F";15;"U";"LE3";"A";4;3;"other";"other";"course";"mother";1;2;0;"yes";"yes";"yes";"yes";"yes";"yes";"yes";"yes";5;2;2;1;1;5;8;"8";"8";6;"312"
"GP";"F";16;"U";"LE3";"A";3;3;"other";"services";"home";"mother";1;2;0;"no";"yes";"no";"no";"yes";"yes";"yes";"no";2;3;5;1;4;3;12;"11";"12";11;"325,287"
"GP";"M";16;"U";"GT3";"T";4;3;"health";"services";"reputation";"mother";1;4;0;"no";"no";"no";"yes";"yes";"yes";"yes";"no";4;2;2;1;1;2;4;"19";"19";20;"94,138,116"
"GP";"M";15;"U";"GT3";"T";4;2;"teacher";"other";"home";"mother";1;2;0;"no";"yes";"yes";"no";"yes";"yes";"no";"no";4;3;3;2;2;5;2;"15";"15";14;"123"
"GP";"F";15;"U";"GT3";"T";4;4;"services";"teacher";"other";"father";1;2;1;"yes";"yes";"no";"yes";"no";"yes";"yes";"no";4;4;4;1;1;3;2;"7";"7";7;"1,187"
"GP";"F";16;"U";"LE3";"T";2;2;"services";"services";"course";"mother";3;2;0;"no";"yes";"yes";"no";"yes";"yes";"yes";"no";4;3;3;2;3;4;2;"12";"13";13;"101,233,97"
"GP";"F";15;"U";"LE3";"T";4;2;"health";"other";"other";"mother";1;2;0;"no";"yes";"yes";"no";"yes";"yes";"yes";"no";4;3;3;1;1;5;2;"11";"13";13;"197,344"
"GP";"M";15;"U";"LE3";"A";4;2;"health";"health";"other";"father";2;1;1;"no";"no";"no";"no";"yes";"yes";"no";"no";5;5;5;3;4;5;6;"11";"11";10;"245,222,238"
"GP";"F";15;"U";"GT3";"T";4;4;"services";"services";"course";"mother";1;1;0;"yes";"yes";"yes";"no";"yes";"yes";"yes";"no";3;3;4;2;3;5;0;"8";"10";11;"171,286,370"
"GP";"F";15;"U";"LE3";"A";3;3;"other";"other";"other";"mother";1;1;0;"no";"no";"yes";"no";"yes";"yes";"yes";"no";5;3;4;4;4;1;6;"10";"13";13;
"GP";"F";16;"U";"GT3";"A";2;1;"other";"other";"other";"mother";1;2;0;"no";"no";"yes";"yes";"yes";"yes";"yes";"yes";5;3;4;1;1;2;8;"8";"9";10;"74,376"
"GP";"F";15;"U";"GT3";"A";4;3;"services";"services";"reputation";"mother";1;2;0;"no";"yes";"yes";"yes";"yes";"yes";"yes";"no";4;3;2;1;1;1;0;"14";"15";15;
"GP";"M";15;"U";"GT3";"T";4;4;"teacher";"health";"reputation";"mother";1;2;0;"no";"yes";"no";"yes";"yes";"yes";"no";"no";3;2;2;1;1;5;4;"14";"15";15;"251,207"
"GP";"M";15;"U";"LE3";"T";1;2;"other";"at_home";"home";"father";1;2;0;"yes";"yes";"no";"yes";"yes";"yes";"yes";"no";4;3;2;1;1;5;2;"9";"10";9;"239"
"GP";"F";16;"U";"GT3";"T";4;2;"services";"other";"course";"mother";1;2;0;"no";"yes";"no";"no";"yes";"yes";"yes";"no";4;2;3;1;1;5;2;"15";"16";16;"192,80"
"GP";"F";16;"R";"GT3";"T";4;4;"health";"teacher";"other";"mother";1;2;0;"no";"yes";"no";"yes";"yes";"yes";"no";"no";2;4;4;2;3;4;6;"10";"11";11;"136"
"GP";"F";16;"U";"GT3";"T";1;1;"services";"services";"course";"father";4;1;0;"yes";"yes";"no";"yes";"no";"yes";"yes";"yes";5;5;5;5;5;5;6;"10";"8";11;"203,355,88"
"GP";"F";16;"U";"LE3";"T";1;2;"other";"services";"reputation";"father";1;2;0;"yes";"no";"no";"yes";"yes";"yes";"yes";"no";4;4;3;1;1;1;4;"8";"10";9;
"GP";"F";16;"U";"GT3";"T";4;3;"teacher";"health";"home";"mother";1;3;0;"yes";"yes";"yes";"yes";"yes";"yes";"yes";"no";3;4;4;2;4;4;2;"10";"9";9;
"GP";"F";15;"U";"LE3";"T";4;3;"services";"services";"reputation";"father";1;2;0;"yes";"no";"no";"yes";"yes";"yes";"yes";"yes";4;4;4;2;4;2;0;"10";"10";10;"148"
"GP";"F";16;"U";"LE3";"T";4;3;"teacher";"services";"course";"mother";3;2;0;"no";"yes";"no";"yes";"yes";"yes";"yes";"no";5;4;3;1;2;1;2;"16";"15";15;"289"
"GP";"M";15;"U";"GT3";"A";4;4;"other";"services";"reputation";"mother";1;4;0;"no";"yes";"no";"yes";"no";"yes";"yes";"yes";1;3;3;5;5;3;4;"13";"13";12;"157"
"GP";"F";16;"U";"GT3";"T";3;1;"services";"other";"course";"mother";1;4;0;"yes";"yes";"yes";"no";"yes";"yes";"yes";"no";4;3;3;1;2;5;4;"7";"7";6;"269,111,221"
"GP";"F";15;"R";"LE3";"T";2;2;"health";"services";"reputation";"mother";2;2;0;"yes";"yes";"yes";"no";"yes";"yes";"yes";"no";4;1;3;1;3;4;2;"8";"9";8;
"GP";"F";15;"R";"LE3";"T";3;1;"other";"other";"reputation";"father";2;4;0;"no";"yes";"no";"no";"no";"yes";"yes";"no";4;4;2;2;3;3;12;"16";"16";16;"154,267"
"GP";"M";16;"U";"GT3";"T";3;1;"other";"other";"reputation";"father";2;4;0;"no";"yes";"yes";"no";"yes";"yes";"yes";"no";4;3;2;1;1;5;0;"13";"15";15;"10"
"GP";"M";15;"U";"GT3";"T";4;2;"other";"other";"course";"mother";1;4;0;"no";"no";"no";"no";"yes";"yes";"yes";"no";3;3;3;1;1;3;0;"10";"10";10;"155,212"
"GP";"F";15;"R";"GT3";"T";1;1;"other";"other";"reputation";"mother";1;2;2;"yes";"yes";"no";"no";"no";"yes";"yes";"yes";3;3;4;2;4;5;2;"8";"6";5;"286,71,311"
"GP";"M";16;"U";"GT3";"T";3;1;"other";"other";"reputation";"mother";1;1;0;"no";"no";"no";"yes";"yes";"yes";"no";"no";5;3;2;2;2;5;2;"12";"12";14;
"GP";"F";16;"U";"GT3";"T";3;3;"other";"services";"home";"mother";1;2;0;"yes";"yes";"yes";"yes";"yes";"yes";"yes";"no";4;3;3;2;4;5;54;"11";"12";11;"96,129,315"
"GP";"M";15;"U";"GT3";"T";4;3;"teacher";"other";"home";"mother";1;2;0;"no";"yes";"yes";"yes";"yes";"yes";"yes";"no";4;3;3;2;3;5;6;"9";"9";10;"49,356,97"
"GP";"M";15;"U";"GT3";"T";4;0;"teacher";"other";"course";"mother";2;4;0;"no";"no";"no";"yes";"yes";"yes";"yes";"no";3;4;3;1;1;1;8;"11";"11";10;
"GP";"F";16;"U";"GT3";"T";2;2;"other";"other";"reputation";"mother";1;4;0;"no";"no";"yes";"no";"yes";"yes";"yes";"yes";5;2;3;1;3;3;0;"11";"11";11;"265,48"
"GP";"M";17;"U";"GT3";"T";2;1;"other";"other";"home";"mother";2;1;3;"yes";"yes";"no";"yes";"yes";"no";"yes";"no";4;5;1;1;1;3;2;"8";"8";10;
"GP";"F";16;"U";"GT3";"T";3;4;"at_home";"other";"course";"mother";1;2;0;"no";"yes";"no";"no";"yes";"yes";"yes";"no";2;4;3;1;2;3;12;"5";"5";5;
"GP";"M";15;"U";"GT3";"T";2;3;"other";"services";"course";"father";1;1;0;"yes";"yes";"yes";"yes";"no";"yes";"yes";"yes";3;2;2;1;3;3;2;"10";"12";12;"236"
"GP";"M";15;"U";"GT3";"T";2;3;"other";"other";"home";"mother";1;3;0;"yes";"no";"yes";"no";"no";"yes";"yes";"no";5;3;2;1;2;5;4;"11";"10";11;"215,283"
"GP";"F";15;"U";"LE3";"T";3;2;"services";"other";"reputation";"mother";1;2;0;"no";"yes";"yes";"no";"yes";"yes";"yes";"no";4;4;4;1;1;5;10;"7";"6";6;
"GP";"M";15;"U";"LE3";"T";2;2;"services";"services";"home";"mother";2;2;0;"no";"no";"yes";"yes";"yes";"yes";"yes";"no";5;3;3;1;3;4;4;"15";"15";15;
"GP";"F";15;"U";"GT3";"T";1;1;"other";"other";"home";"father";1;2;0;"no";"yes";"no";"yes";"no";"yes";"yes";"no";4;3;2;2;3;4;2;"9";"10";10;"343,169,346"
"GP";"F";15;"U";"GT3";"T";4;4;"services";"services";"reputation";"father";2;2;2;"no";"no";"yes";"no";"yes";"yes";"yes";"yes";4;4;4;2;3;5;6;"7";"9";8;"164,72"
"GP";"F";16;"U";"LE3";"T";2;2;"at_home";"other";"course";"mother";1;2;0;"no";"yes";"no";"no";"yes";"yes";"no";"no";4;3;4;1;2;2;4;"8";"7";6;"298,349"
"GP";"F";15;"U";"GT3";"T";4;2;"other";"other";"reputation";"mother";1;3;0;"no";"yes";"no";"yes";"yes";"yes";"yes";"no";5;3;3;1;3;1;4;"13";"14";14;
"GP";"M";16;"U";"GT3";"T";2;2;"services";"other";"reputation";"father";2;2;1;"no";"no";"yes";"yes";"no";"yes";"yes";"no";4;4;2;1;1;3;12;"11";"10";10;"320,222"
"GP";"M";16;"U";"LE3";"A";4;4;"teacher";"health";"reputation";"mother";1;2;0;"no";"yes";"no";"no";"yes";"yes";"no";"no";4;1;3;3;5;5;18;"8";"6";7;"358"
"GP";"F";16;"U";"GT3";"T";3;3;"other";"other";"home";"mother";1;3;0;"no";"yes";"yes";"no";"yes";"yes";"yes";"yes";4;3;3;1;3;4;0;"7";"7";8;"19,356"
"GP";"F";15;"U";"GT3";"T";4;3;"services";"other";"reputation";"mother";1;1;0;"no";"no";"yes";"yes";"yes";"yes";"yes";"no";4;5;5;1;3;1;4;"16";"17";18;
"GP";"F";16;"U";"LE3";"T";3;1;"other";"other";"home";"father";1;2;0;"yes";"yes";"no";"no";"yes";"yes";"no";"no";3;3;3;2;3;2;4;"7";"6";6;
"GP";"F";16;"U";"GT3";"T";4;2;"teacher";"services";"home";"mother";2;2;0;"no";"yes";"yes";"yes";"yes";"yes";"yes";"no";5;3;3;1;1;1;0;"11";"10";10;"36,323,266"
"GP";"M";15;"U";"LE3";"T";2;2;"services";"health";"reputation";"mother";1;4;0;"no";"yes";"no";"yes";"yes";"yes";"yes";"no";4;3;4;1;1;4;6;"11";"13";14;
"GP";"F";15;"R";"GT3";"T";1;1;"at_home";"other";"home";"mother";2;4;1;"yes";"yes";"yes";"yes";"yes";"yes";"yes";"no";3;1;2;1;1;1;2;"7";"10";10;"29,349"
"GP";"M";16;"R";"GT3";"T";4;3;"services";"other";"reputation";"mother";2;1;0;"yes";"yes";"no";"yes";"no";"yes";"yes";"no";3;3;3;1;1;4;2;"11";"15";15;"25,264,337"
"GP";"F";16;"U";"GT3";"T";2;1;"other";"other";"course";"mother";1;2;0;"no";"yes";"yes";"no";"yes";"yes";"no";"yes";4;3;5;1;1;5;2;"8";"9";10;"330,260,201"
"GP";"F";16;"U";"GT3";"T";4;4;"other";"other";"reputation";"mother";1;1;0;"no";"no";"no";"yes";"no";"yes";"yes";"no";5;3;4;1;2;1;6;"11";"14";14;"359,246"
"GP";"F";16;"U";"GT3";"T";4;3;"other";"at_home";"course";"mother";1;3;0;"yes";"yes";"yes";"no";"yes";"yes";"yes";"no";5;3;5;1;1;3;0;"7";"9";8;
"GP";"M";16;"U";"GT3";"T";4;4;"services";"services";"other";"mother";1;1;0;"yes";"yes";"yes";"yes";"yes";"yes";"yes";"no";4;5;5;5;5;4;14;"7";"7";5;"166,111"
"GP";"M";16;"U";"GT3";"T";4;4;"services";"teacher";"other";"father";1;3;0;"no";"yes";"no";"yes";"yes";"yes";"yes";"yes";4;4;3;1;1;4;0;"16";"17";17;"125"
"GP";"M";15;"U";"GT3";"T";4;4;"services";"other";"course";"mother";1;1;0;"no";"yes";"no";"yes";"no";"yes";"yes";"no";5;3;3;1;1;5;4;"10";"13";14;"52"
"GP";"F";15;"U";"GT3";"T";3;2;"services";"other";"home";"mother";2;2;0;"yes";"yes";"yes";"no";"yes";"yes";"yes";"no";4;3;5;1;1;2;26;"7";"6";6;"169,74,32"
"GP";"M";15;"U";"GT3";"A";3;4;"services";"other";"course";"mother";1;2;0;"no";"yes";"yes";"yes";"yes";"yes";"yes";"no";5;4;4;1;1;1;0;"16";"18";18;"361,237,259"
"GP";"F";15;"U";"GT3";"A";3;3;"other";"health";"reputation";"father";1;4;0;"yes";"no";"no";"no";"yes";"yes";"no";"no";4;3;3;1;1;4;10;"10";"11";11;"123"
"GP";"F";15;"U";"GT3";"T";2;2;"other";"other";"course";"mother";1;4;0;"yes";"yes";"yes";"no";"yes";"yes";"yes";"no";5;1;2;1;1;3;8;"7";"8";8;"184"
"GP";"M";16;"U";"GT3";"T";3;3;"services";"other";"home";"father";1;3;0;"no";"yes";"no";"yes";"yes";"yes";"yes";"no";5;3;3;1;1;5;2;"16";"18";18;"156"
"GP";"M";15;"R";"GT3";"T";4;4;"other";"other";"home";"father";4;4;0;"no";"yes";"yes";"yes";"yes";"yes";"yes";"yes";1;3;5;3;5;1;6;"10";"13";13;
"GP";"F";16;"U";"LE3";"T";4;4;"health";"health";"other";"mother";1;3;0;"no";"yes";"yes";"yes";"yes";"yes";"yes";"yes";5;4;5;1;1;4;4;"14";"15";16;
"GP";"M";15;"U";"LE3";"A";4;4;"teacher";"teacher";"course";"mother";1;1;0;"no";"no";"no";"yes";"yes";"yes";"yes";"no";5;5;3;1;1;4;6;"18";"19";19;"130,372"
"GP";"F";16;"R";"GT3";"T";3;3;"services";"other";"reputation";"father";1;3;1;"yes";"yes";"no";"yes";"yes";"yes";"yes";"no";4;1;2;1;1;2;0;"7";"10";10;
"GP";"F";16;"U";"GT3";"T";2;2;"at_home";"other";"home";"mother";1;2;1;"yes";"no";"no";"yes";"yes";"yes";"yes";"no";3;1;2;1;1;5;6;"10";"13";13;
"GP";"M";15;"U";"LE3";"T";4;2;"teacher";"other";"course";"mother";1;1;0;"no";"no";"no";"no";"yes";"yes";"yes";"no";3;5;2;1;1;3;10;"18";"19";19;
"GP";"M";15;"R";"GT3";"T";2;1;"health";"services";"reputation";"mother";1;2;0;"no";"no";"no";"yes";"yes";"yes";"yes";"yes";5;4;2;1;1;5;8;"9";"9";9;"74"
"GP";"M";16;"U";"GT3";"T";4;4;"teacher";"teacher";"course";"father";1;2;0;"no";"yes";"no";"yes";"yes";"yes";"yes";"no";5;4;4;1;2;5;2;"15";"15";16;"307,58,51"
"GP";"M";15;"U";"GT3";"T";4;4;"other";"teacher";"reputation";"father";2;2;0;"no";"yes";"no";"yes";"yes";"yes";"no";"no";4;4;3;1;1;2;2;"11";"13";14;"272,322,183"
"GP";"M";16;"U";"GT3";"T";3;3;"other";"services";"home";"father";2;1;0;"no";"no";"no";"yes";"yes";"yes";"yes";"no";5;4;2;1;1;5;0;"13";"14";13;"191"
"GP";"M";17;"R";"GT3";"T";1;3;"other";"other";"course";"father";3;2;1;"no";"yes";"no";"yes";"yes";"yes";"yes";"no";5;2;4;1;4;5;20;"9";"7";8;
"GP";"M";15;"U";"GT3";"T";3;4;"other";"other";"reputation";"father";1;1;0;"no";"no";"no";"no";"yes";"yes";"yes";"no";3;4;3;1;2;4;6;"14";"13";13;
"GP";"F";15;"U";"GT3";"T";1;2;"at_home";"services";"course";"mother";1;2;0;"no";"no";"no";"no";"no";"yes";"yes";"no";3;2;3;1;2;1;2;"16";"15";15;"252,181"
"GP";"M";15;"U";"GT3";"T";2;2;"services";"services";"home";"father";1;4;0;"no";"yes";"yes";"yes";"yes";"yes";"yes";"no";5;5;4;1;2;5;6;"16";"14";15;"249,51,263"
"GP";"F";16;"U";"LE3";"T";2;4;"other";"health";"course";"father";2;2;0;"no";"yes";"yes";"yes";"yes";"yes";"yes";"yes";4;2;2;1;2;5;2;"13";"13";13;"33,320,126"
"GP";"M";16;"U";"GT3";"T";4;4;"health";"other";"course";"mother";1;1;0;"no";"yes";"no";"yes";"yes";"yes";"yes";"no";3;4;4;1;4;5;18;"14";"11";13;
"GP";"F";16;"U";"GT3";"T";2;2;"other";"other";"home";"mother";1;2;0;"no";"no";"yes";"no";"yes";"yes";"yes";"yes";5;4;4;1;1;5;0;"8";"7";8;"213"
"GP";"M";15;"U";"GT3";"T";3;4;"services";"services";"home";"father";1;1;0;"yes";"no";"no";"no";"yes";"yes";"yes";"no";5;5;5;3;2;5;0;"13";"13";12;"216"
"GP";"F";15;"U";"LE3";"A";3;4;"other";"other";"home";"mother";1;2;0;"yes";"no";"no";"yes";"yes";"yes";"yes";"yes";5;3;2;1;1;1;0;"7";"10";11;
"GP";"F";19;"U";"GT3";"T";0;1;"at_home";"other";"course";"other";1;2;3;"no";"yes";"no";"no";"no";"no";"no";"no";3;4;2;1;1;5;2;"7";"8";9;"109,375"
"GP";"M";18;"R";"GT3";"T";2;2;"services";"other";"reputation";"mother";1;1;2;"no";"yes";"no";"yes";"yes";"yes";"yes";"no";3;3;3;1;2;4;0;"7";"4";0;"276,321"
"GP";"M";16;"R";"GT3";"T";4;4;"teacher";"teacher";"course";"mother";1;1;0;"no";"no";"yes";"yes";"yes";"yes";"yes";"no";3;5;5;2;5;4;8;"18";"18";18;"187,9,280"
"GP";"F";15;"R";"GT3";"T";3;4;"services";"teacher";"course";"father";2;3;2;"no";"yes";"no";"no";"yes";"yes";"yes";"yes";4;2;2;2;2;5;0;"12";"0";0;"11,41"
"GP";"F";15;"U";"GT3";"T";1;1;"at_home";"other";"course";"mother";3;1;0;"no";"yes";"no";"yes";"no";"yes";"yes";"yes";4;3;3;1;2;4;0;"8";"0";0;"312,183,221"
"GP";"F";17;"U";"LE3";"T";2;2;"other";"other";"course";"father";1;1;0;"no";"yes";"no";"no";"yes";"yes";"yes";"yes";3;4;4;1;3;5;12;"10";"13";12;"310,145"
"GP";"F";16;"U";"GT3";"A";3;4;"services";"other";"course";"father";1;1;0;"no";"no";"no";"no";"yes";"yes";"yes";"no";3;2;1;1;4;5;16;"12";"11";11;"85"
"GP";"M";15;"R";"GT3";"T";3;4;"at_home";"teacher";"course";"mother";4;2;0;"no";"yes";"no";"no";"yes";"yes";"no";"yes";5;3;3;1;1;5;0;"9";"0";0;"369,106,115"
"GP";"F";15;"U";"GT3";"T";4;4;"services";"at_home";"course";"mother";1;3;0;"no";"yes";"no";"yes";"yes";"yes";"yes";"yes";4;3;3;1;1;5;0;"11";"0";0;"20"
"GP";"M";17;"R";"GT3";"T";3;4;"at_home";"other";"course";"mother";3;2;0;"no";"no";"no";"no";"yes";"yes";"no";"no";5;4;5;2;4;5;0;"10";"0";0;
"GP";"F";16;"U";"GT3";"A";3;3;"other";"other";"course";"other";2;1;2;"no";"yes";"no";"yes";"no";"yes";"yes";"yes";4;3;2;1;1;5;0;"4";"0";0;"81,180,92"
"GP";"M";16;"U";"LE3";"T";1;1;"services";"other";"course";"mother";1;2;1;"no";"no";"no";"no";"yes";"yes";"no";"yes";4;4;4;1;3;5;0;"14";"12";12;
"GP";"F";15;"U";"GT3";"T";4;4;"teacher";"teacher";"course";"mother";2;1;0;"no";"no";"no";"yes";"yes";"yes";"yes";"no";4;3;2;1;1;5;0;"16";"16";15;"108"
"GP";"M";15;"U";"GT3";"T";4;3;"teacher";"services";"course";"father";2;4;0;"yes";"yes";"no";"no";"yes";"yes";"yes";"no";2;2;2;1;1;3;0;"7";"9";0;"154,62,215"
"GP";"M";16;"U";"LE3";"T";2;2;"services";"services";"reputation";"father";2;1;2;"no";"yes";"no";"yes";"yes";"yes";"yes";"no";2;3;3;2;2;2;8;"9";"9";9;
"GP";"F";15;"U";"GT3";"T";4;4;"teacher";"services";"course";"mother";1;3;0;"no";"yes";"yes";"yes";"yes";"yes";"yes";"no";4;2;2;1;1;5;2;"9";"11";11;"20,49"
"GP";"F";16;"U";"LE3";"T";1;1;"at_home";"at_home";"course";"mother";1;1;0;"no";"no";"no";"no";"yes";"yes";"yes";"no";3;4;4;3;3;1;2;"14";"14";13;"137"
"GP";"M";17;"U";"GT3";"T";2;1;"other";"other";"home";"mother";1;1;3;"no";"yes";"no";"no";"yes";"yes";"yes";"no";5;4;5;1;2;5;0;"5";"0";0;
"GP";"F";15;"U";"GT3";"T";1;1;"other";"services";"course";"father";1;2;0;"no";"yes";"yes";"no";"yes";"yes";"yes";"no";4;4;2;1;2;5;0;"8";"11";11;
"GP";"F";15;"U";"GT3";"T";3;2;"health";"services";"home";"father";1;2;3;"no";"yes";"no";"no";"yes";"yes";"yes";"no";3;3;2;1;1;3;0;"6";"7";0;"311,90"
"GP";"F";15;"U";"GT3";"T";1;2;"at_home";"other";"course";"mother";1;2;0;"no";"yes";"yes";"no";"no";"yes";"yes";"no";4;3;2;1;1;5;2;"10";"11";11;
"GP";"M";16;"U";"GT3";"T";4;4;"teacher";"teacher";"course";"mother";1;1;0;"no";"yes";"no";"no";"yes";"no";"yes";"yes";3;3;2;2;1;5;0;"7";"6";0;"28,273"
"GP";"M";15;"U";"LE3";"A";2;1;"services";"other";"course";"mother";4;1;3;"no";"no";"no";"no";"yes";"yes";"yes";"no";4;5;5;2;5;5;0;"8";"9";10;"65,13"
"GP";"M";18;"U";"LE3";"T";1;1;"other";"other";"course";"mother";1;1;3;"no";"no";"no";"no";"yes";"no";"yes";"yes";2;3;5;2;5;4;0;"6";"5";0;"84,331"
"GP";"M";16;"U";"LE3";"T";2;1;"at_home";"other";"course";"mother";1;1;1;"no";"no";"no";"yes";"yes";"yes";"no";"yes";4;4;4;3;5;5;6;"12";"13";14;
"GP";"F";15;"R";"GT3";"T";3;3;"services";"services";"reputation";"other";2;3;2;"no";"yes";"yes";"yes";"yes";"yes";"yes";"yes";4;2;1;2;3;3;8;"10";"10";10;"353,15"
"GP";"M";19;"U";"GT3";"T";3;2;"services";"at_home";"home";"mother";1;1;3;"no";"yes";"no";"no";"yes";"no";"yes";"yes";4;5;4;1;1;4;0;"5";"0";0;"187,188,249"
"GP";"F";17;"U";"GT3";"T";4;4;"other";"teacher";"course";"mother";1;1;0;"yes";"yes";"no";"no";"yes";"yes";"no";"yes";4;2;1;1;1;4;0;"11";"11";12;"202"
"GP";"M";15;"R";"GT3";"T";2;3;"at_home";"services";"course";"mother";1;2;0;"yes";"no";"yes";"yes";"yes";"yes";"no";"no";4;4;4;1;1;1;2;"11";"8";8;"36"
"GP";"M";17;"R";"LE3";"T";1;2;"other";"other";"reputation";"mother";1;1;0;"no";"no";"no";"no";"yes";"yes";"no";"no";2;2;2;3;3;5;8;"16";"12";13;"71,291,241"
"GP";"F";18;"R";"GT3";"T";1;1;"at_home";"other";"course";"mother";3;1;3;"no";"yes";"no";"yes";"no";"yes";"no";"no";5;2;5;1;5;4;6;"9";"8";10;
"GP";"M";16;"R";"GT3";"T";2;2;"at_home";"other";"course";"mother";3;1;0;"no";"no";"no";"no";"no";"yes";"no";"no";4;2;2;1;2;3;2;"17";"15";15;"148,48,265"
"GP";"M";16;"U";"GT3";"T";3;3;"other";"services";"course";"father";1;2;1;"no";"yes";"yes";"no";"yes";"yes";"yes";"yes";4;5;5;4;4;5;4;"10";"12";12;"111,51,355"
"GP";"M";17;"R";"LE3";"T";2;1;"at_home";"other";"course";"mother";2;1;2;"no";"no";"no";"yes";"yes";"no";"yes";"yes";3;3;2;2;2;5;0;"7";"6";0;"297"
"GP";"M";15;"R";"GT3";"T";3;2;"other";"other";"course";"mother";2;2;2;"yes";"yes";"no";"no";"yes";"yes";"yes";"yes";4;4;4;1;4;3;6;"5";"9";7;"325,279"
"GP";"M";16;"U";"LE3";"T";1;2;"other";"other";"course";"mother";2;1;1;"no";"no";"no";"yes";"yes";"yes";"no";"no";4;4;4;2;4;5;0;"7";"0";0;"212,353"
"GP";"M";17;"U";"GT3";"T";1;3;"at_home";"services";"course";"father";1;1;0;"no";"no";"no";"no";"yes";"no";"yes";"no";5;3;3;1;4;2;2;"10";"10";10;"212,307,7"
"GP";"M";17;"R";"LE3";"T";1;1;"other";"services";"course";"mother";4;2;3;"no";"no";"no";"yes";"yes";"no";"no";"yes";5;3;5;1;5;5;0;"5";"8";7;"247"
"GP";"M";16;"U";"GT3";"T";3;2;"services";"services";"course";"mother";2;1;1;"no";"yes";"no";"yes";"no";"no";"no";"no";4;5;2;1;1;2;16;"12";"11";12;
"GP";"M";16;"U";"GT3";"T";2;2;"other";"other";"course";"father";1;2;0;"no";"no";"no";"no";"yes";"no";"yes";"no";4;3;5;2;4;4;4;"10";"10";10;"368,279,163"
"GP";"F";16;"U";"GT3";"T";4;2;"health";"services";"home";"father";1;2;0;"no";"no";"yes";"no";"yes";"yes";"yes";"yes";4;2;3;1;1;3;0;"14";"15";16;"353,20"
"GP";"F";16;"U";"GT3";"T";2;2;"other";"other";"home";"mother";1;2;0;"no";"yes";"yes";"no";"no";"yes";"yes";"no";5;1;5;1;1;4;0;"6";"7";0;"383,214,16"
"GP";"F";16;"U";"GT3";"T";4;4;"health";"health";"reputation";"mother";1;2;0;"no";"yes";"yes";"no";"yes";"yes";"yes";"yes";4;4;2;1;1;3;0;"14";"14";14;"99,33"
"GP";"M";16;"U";"GT3";"T";3;4;"other";"other";"course";"father";3;1;2;"no";"yes";"no";"yes";"no";"yes";"yes";"no";3;4;5;2;4;2;0;"6";"5";0;"233"
"GP";"M";16;"U";"GT3";"T";1;0;"other";"other";"reputation";"mother";2;2;0;"no";"yes";"yes";"yes";"yes";"yes";"yes";"yes";4;3;2;1;1;3;2;"13";"15";16;"176"
"GP";"M";17;"U";"LE3";"T";4;4;"teacher";"other";"reputation";"mother";1;2;0;"no";"yes";"yes";"yes";"yes";"yes";"yes";"no";4;4;4;1;3;5;0;"13";"11";10;"393,133,220"
"GP";"F";16;"U";"GT3";"T";1;3;"at_home";"services";"home";"mother";1;2;3;"no";"no";"no";"yes";"no";"yes";"yes";"yes";4;3;5;1;1;3;0;"8";"7";0;
"GP";"F";16;"U";"LE3";"T";3;3;"other";"other";"reputation";"mother";2;2;0;"no";"yes";"yes";"yes";"yes";"yes";"yes";"no";4;4;5;1;1;4;4;"10";"11";9;
"GP";"M";17;"U";"LE3";"T";4;3;"teacher";"other";"course";"mother";2;2;0;"no";"no";"yes";"yes";"yes";"yes";"yes";"no";4;4;4;4;4;4;4;"10";"9";9;"163,240,165"
"GP";"F";16;"U";"GT3";"T";2;2;"services";"other";"reputation";"mother";2;2;0;"no";"no";"yes";"yes";"no";"yes";"yes";"no";3;4;4;1;4;5;2;"13";"13";11;
"GP";"M";17;"U";"GT3";"T";3;3;"other";"other";"reputation";"father";1;2;0;"no";"no";"no";"yes";"no";"yes";"yes";"no";4;3;4;1;4;4;4;"6";"5";6;"34,192"
"GP";"M";16;"R";"GT3";"T";4;2;"teacher";"services";"other";"mother";1;1;0;"no";"yes";"no";"yes";"yes";"yes";"yes";"yes";4;3;3;3;4;3;10;"10";"8";9;"248,128"
"GP";"M";17;"U";"GT3";"T";4;3;"other";"other";"course";"mother";1;2;0;"no";"yes";"no";"yes";"yes";"yes";"yes";"yes";5;2;3;1;1;2;4;"10";"10";11;"289"
"GP";"M";16;"U";"GT3";"T";4;3;"teacher";"other";"home";"mother";1;2;0;"no";"yes";"yes";"yes";"yes";"yes";"yes";"no";3;4;3;2;3;3;10;"9";"8";8;"296"
"GP";"M";16;"U";"GT3";"T";3;3;"services";"other";"home";"mother";1;2;0;"no";"no";"yes";"yes";"yes";"yes";"yes";"yes";4;2;3;1;2;3;2;"12";"13";12;"303"
"GP";"F";17;"U";"GT3";"T";2;4;"services";"services";"reputation";"father";1;2;0;"no";"yes";"no";"yes";"yes";"yes";"no";"no";5;4;2;2;3;5;0;"16";"17";17;"128"
"GP";"F";17;"U";"LE3";"T";3;3;"other";"other";"reputation";"mother";1;2;0;"no";"yes";"no";"yes";"yes";"yes";"yes";"yes";5;3;3;2;3;1;56;"9";"9";8;"340"
"GP";"F";16;"U";"GT3";"T";3;2;"other";"other";"reputation";"mother";1;2;0;"no";"yes";"yes";"no";"yes";"yes";"yes";"no";1;2;2;1;2;1;14;"12";"13";12;"175,147"
"GP";"M";17;"U";"GT3";"T";3;3;"services";"services";"other";"mother";1;2;0;"no";"yes";"no";"yes";"yes";"yes";"yes";"yes";4;3;4;2;3;4;12;"12";"12";11;"324"
"GP";"M";16;"U";"GT3";"T";1;2;"services";"services";"other";"mother";1;1;0;"no";"yes";"yes";"yes";"yes";"yes";"yes";"yes";3;3;3;1;2;3;2;"11";"12";11;"135,325,44"
"GP";"M";16;"U";"LE3";"T";2;1;"other";"other";"course";"mother";1;2;0;"no";"no";"yes";"yes";"yes";"yes";"yes";"yes";4;2;3;1;2;5;0;"15";"15";15;"91"
"GP";"F";17;"U";"GT3";"A";3;3;"health";"other";"reputation";"mother";1;2;0;"no";"yes";"no";"no";"no";"yes";"yes";"yes";3;3;3;1;3;3;6;"8";"7";9;"43"
"GP";"M";17;"R";"GT3";"T";1;2;"at_home";"other";"home";"mother";1;2;0;"no";"no";"no";"no";"yes";"yes";"no";"no";3;1;3;1;5;3;4;"8";"9";10;"222,97"
"GP";"F";16;"U";"GT3";"T";2;3;"services";"services";"course";"mother";1;2;0;"no";"no";"no";"no";"yes";"yes";"yes";"no";4;3;3;1;1;2;10;"11";"12";13;"244"
"GP";"F";17;"U";"GT3";"T";1;1;"at_home";"services";"course";"mother";1;2;0;"no";"no";"no";"yes";"yes";"yes";"yes";"no";5;3;3;1;1;3;0;"8";"8";9;"143,277,305"
"GP";"M";17;"U";"GT3";"T";1;2;"at_home";"services";"other";"other";2;2;0;"no";"no";"yes";"yes";"no";"yes";"yes";"no";4;4;4;4;5;5;12;"7";"8";8;
"GP";"M";16;"R";"GT3";"T";3;3;"services";"services";"reputation";"mother";1;1;0;"no";"yes";"no";"yes";"yes";"yes";"yes";"no";4;3;2;3;4;5;8;"8";"9";10;"108"
"GP";"M";16;"U";"GT3";"T";2;3;"other";"other";"home";"father";2;1;0;"no";"no";"no";"no";"yes";"yes";"yes";"no";5;3;3;1;1;3;0;"13";"14";14;"156,374"
"GP";"F";17;"U";"LE3";"T";2;4;"services";"services";"course";"father";1;2;0;"no";"no";"no";"yes";"yes";"yes";"yes";"yes";4;3;2;1;1;5;0;"14";"15";15;"76"
"GP";"M";17;"U";"GT3";"T";4;4;"services";"teacher";"home";"mother";1;1;0;"no";"no";"no";"no";"yes";"yes";"yes";"no";5;2;3;1;2;5;4;"17";"15";16;"103"
"GP";"M";16;"R";"LE3";"T";3;3;"teacher";"other";"home";"father";3;1;0;"no";"yes";"yes";"yes";"yes";"yes";"yes";"no";3;3;4;3;5;3;8;"9";"9";10;"257,222"
"GP";"F";17;"U";"GT3";"T";4;4;"services";"teacher";"home";"mother";2;1;1;"no";"yes";"no";"no";"yes";"yes";"yes";"no";4;2;4;2;3;2;24;"18";"18";18;
"GP";"F";16;"U";"LE3";"T";4;4;"teacher";"teacher";"reputation";"mother";1;2;0;"no";"yes";"yes";"no";"yes";"yes";"yes";"no";4;5;2;1;2;3;0;"9";"9";10;"307"
"GP";"F";16;"U";"GT3";"T";4;3;"health";"other";"home";"mother";1;2;0;"no";"yes";"no";"yes";"yes";"yes";"yes";"no";4;3;5;1;5;2;2;"16";"16";16;"339"
"GP";"F";16;"U";"GT3";"T";2;3;"other";"other";"reputation";"mother";1;2;0;"yes";"yes";"yes";"yes";"yes";"yes";"no";"no";4;4;3;1;3;4;6;"8";"10";10;"260,71,335"
"GP";"F";17;"U";"GT3";"T";1;1;"other";"other";"course";"mother";1;2;0;"no";"yes";"yes";"no";"no";"yes";"no";"no";4;4;4;1;3;1;4;"9";"9";10;"121,222,301"
"GP";"F";17;"R";"GT3";"T";2;2;"other";"other";"reputation";"mother";1;1;0;"no";"yes";"no";"no";"yes";"yes";"yes";"no";5;3;2;1;2;3;18;"7";"6";6;"255"
"GP";"F";16;"R";"GT3";"T";2;2;"services";"services";"reputation";"mother";2;4;0;"no";"yes";"yes";"yes";"no";"yes";"yes";"no";5;3;5;1;1;5;6;"10";"10";11;"163"
"GP";"F";17;"U";"GT3";"T";3;4;"at_home";"services";"home";"mother";1;3;1;"no";"yes";"yes";"no";"yes";"yes";"yes";"yes";4;4;3;3;4;5;28;"10";"9";9;"187"
"GP";"F";16;"U";"GT3";"A";3;1;"services";"other";"course";"mother";1;2;3;"no";"yes";"yes";"no";"yes";"yes";"yes";"no";2;3;3;2;2;4;5;"7";"7";7;"46,375,299"
"GP";"F";16;"U";"GT3";"T";4;3;"teacher";"other";"other";"mother";1;2;0;"no";"no";"yes";"yes";"yes";"yes";"yes";"yes";1;3;2;1;1;1;10;"11";"12";13;"103,347,16"
"GP";"F";16;"U";"GT3";"T";1;1;"at_home";"other";"home";"mother";2;1;0;"no";"yes";"yes";"no";"yes";"yes";"no";"no";4;3;2;1;4;5;6;"9";"9";10;
"GP";"F";17;"R";"GT3";"T";4;3;"teacher";"other";"reputation";"mother";2;3;0;"no";"yes";"yes";"yes";"yes";"yes";"yes";"yes";4;4;2;1;1;4;6;"7";"7";7;"265"
"GP";"F";19;"U";"GT3";"T";3;3;"other";"other";"reputation";"other";1;4;0;"no";"yes";"yes";"yes";"yes";"yes";"yes";"no";4;3;3;1;2;3;10;"8";"8";8;"384,268"
"GP";"M";17;"U";"LE3";"T";4;4;"services";"other";"home";"mother";1;2;0;"no";"yes";"yes";"no";"yes";"yes";"yes";"yes";5;3;5;4;5;3;13;"12";"12";13;
"GP";"F";16;"U";"GT3";"A";2;2;"other";"other";"reputation";"mother";1;2;0;"yes";"yes";"yes";"no";"yes";"yes";"yes";"no";3;3;4;1;1;4;0;"12";"13";14;"158"
"GP";"M";18;"U";"GT3";"T";2;2;"services";"other";"home";"mother";1;2;1;"no";"yes";"yes";"yes";"yes";"yes";"yes";"no";4;4;4;2;4;5;15;"6";"7";8;
"GP";"F";17;"R";"LE3";"T";4;4;"services";"other";"other";"mother";1;1;0;"no";"yes";"yes";"no";"yes";"yes";"no";"no";5;2;1;1;2;3;12;"8";"10";10;"194,215"
"GP";"F";17;"U";"LE3";"T";3;2;"other";"other";"reputation";"mother";2;2;0;"no";"no";"yes";"no";"yes";"yes";"yes";"no";4;4;4;1;3;1;2;"14";"15";15;"101"
"GP";"F";17;"U";"GT3";"T";4;3;"other";"other";"reputation";"mother";1;2;2;"no";"no";"yes";"no";"yes";"yes";"yes";"yes";3;4;5;2;4;1;22;"6";"6";4;"135,164,251"
"GP";"M";18;"U";"LE3";"T";3;3;"services";"health";"home";"father";1;2;1;"no";"yes";"yes";"no";"yes";"yes";"yes";"no";3;2;4;2;4;4;13;"6";"6";8;"231,28,139"
"GP";"F";17;"U";"GT3";"T";2;3;"at_home";"other";"home";"father";2;1;0;"no";"yes";"yes";"no";"yes";"yes";"no";"no";3;3;3;1;4;3;3;"7";"7";8;
"GP";"F";17;"U";"GT3";"T";2;2;"at_home";"at_home";"course";"mother";1;3;0;"no";"yes";"yes";"yes";"yes";"yes";"yes";"no";4;3;3;1;1;4;4;"9";"10";10;"70,144"
"GP";"F";17;"R";"GT3";"T";2;1;"at_home";"services";"reputation";"mother";2;2;0;"no";"yes";"no";"yes";"yes";"yes";"yes";"no";4;2;5;1;2;5;2;"6";"6";6;"112,19,347"
"GP";"F";17;"U";"GT3";"T";1;1;"at_home";"other";"reputation";"mother";1;3;1;"no";"yes";"no";"yes";"yes";"yes";"no";"yes";4;3;4;1;1;5;0;"6";"5";0;
"GP";"F";16;"U";"GT3";"T";2;3;"services";"teacher";"other";"mother";1;2;0;"yes";"no";"no";"no";"yes";"yes";"yes";"no";2;3;1;1;1;3;2;"16";"16";17;"220,203,13"
"GP";"M";18;"U";"GT3";"T";2;2;"other";"other";"home";"mother";2;2;0;"no";"yes";"yes";"no";"yes";"yes";"yes";"no";3;3;3;5;5;4;0;"12";"13";13;
"GP";"F";16;"U";"GT3";"T";4;4;"teacher";"services";"home";"mother";1;3;0;"no";"yes";"no";"yes";"no";"yes";"yes";"no";5;3;2;1;1;5;0;"13";"13";14;"123,171"
"GP";"F";18;"R";"GT3";"T";3;1;"other";"other";"reputation";"mother";1;2;1;"no";"no";"no";"yes";"yes";"yes";"yes";"yes";5;3;3;1;1;4;16;"9";"8";7;"332,390,254"
"GP";"F";17;"U";"GT3";"T";3;2;"other";"other";"course";"mother";1;2;0;"no";"no";"no";"yes";"no";"yes";"yes";"no";5;3;4;1;3;3;10;"16";"15";15;"350,353,37"
"GP";"M";17;"U";"LE3";"T";2;3;"services";"services";"reputation";"father";1;2;0;"no";"yes";"yes";"no";"no";"yes";"yes";"no";5;3;3;1;3;3;2;"12";"11";12;"278,151"
"GP";"M";18;"U";"LE3";"T";2;1;"at_home";"other";"course";"mother";4;2;0;"yes";"yes";"yes";"yes";"yes";"yes";"yes";"yes";4;3;2;4;5;3;14;"10";"8";9;"130,240"
"GP";"F";17;"U";"GT3";"A";2;1;"other";"other";"course";"mother";2;3;0;"no";"no";"no";"yes";"yes";"yes";"yes";"yes";3;2;3;1;2;3;10;"12";"10";12;"217"
"GP";"F";17;"U";"LE3";"T";4;3;"health";"other";"reputation";"father";1;2;0;"no";"no";"no";"yes";"yes";"yes";"yes";"yes";3;2;3;1;2;3;14;"13";"13";14;"13,78"
"GP";"M";17;"R";"GT3";"T";2;2;"other";"other";"course";"father";2;2;0;"no";"yes";"yes";"yes";"yes";"yes";"yes";"no";4;5;2;1;1;1;4;"11";"11";11;"37,48,364"
"GP";"M";17;"U";"GT3";"T";4;4;"teacher";"teacher";"reputation";"mother";1;2;0;"yes";"yes";"no";"yes";"yes";"yes";"yes";"yes";4;5;5;1;3;2;14;"11";"9";9;"57,20,302"
"GP";"M";16;"U";"GT3";"T";4;4;"health";"other";"reputation";"father";1;2;0;"no";"yes";"yes";"yes";"yes";"yes";"yes";"no";4;2;4;2;4;1;2;"14";"13";13;"172"
"GP";"M";16;"U";"LE3";"T";1;1;"other";"other";"home";"mother";2;2;0;"no";"yes";"yes";"no";"yes";"yes";"yes";"no";3;4;2;1;1;5;18;"9";"7";6;"149"
"GP";"M";16;"U";"GT3";"T";3;2;"at_home";"other";"reputation";"mother";2;3;0;"no";"no";"no";"yes";"yes";"yes";"yes";"yes";5;3;3;1;3;2;10;"11";"9";10;
"GP";"M";17;"U";"LE3";"T";2;2;"other";"other";"home";"father";1;2;0;"no";"no";"yes";"yes";"no";"yes";"yes";"yes";4;4;2;5;5;4;4;"14";"13";13;"236,200"
"GP";"F";16;"U";"GT3";"T";2;1;"other";"other";"home";"mother";1;1;0;"no";"no";"no";"no";"yes";"yes";"yes";"yes";4;5;2;1;1;5;20;"13";"12";12;"255"
"GP";"F";17;"R";"GT3";"T";2;1;"at_home";"services";"course";"mother";3;2;0;"no";"no";"no";"yes";"yes";"yes";"no";"no";2;1;1;1;1;3;2;"13";"11";11;
"GP";"M";18;"U";"GT3";"T";2;2;"other";"services";"reputation";"father";1;2;1;"no";"no";"no";"no";"yes";"no";"yes";"no";5;5;4;3;5;2;0;"7";"7";0;
"GP";"M";17;"U";"LE3";"T";4;3;"health";"other";"course";"mother";2;2;0;"no";"no";"no";"yes";"yes";"yes";"yes";"yes";2;5;5;1;4;5;14;"12";"12";12;
"GP";"M";17;"R";"LE3";"A";4;4;"teacher";"other";"course";"mother";2;2;0;"no";"yes";"yes";"no";"yes";"yes";"yes";"no";3;3;3;2;3;4;2;"10";"11";12;
"GP";"M";16;"U";"LE3";"T";4;3;"teacher";"other";"course";"mother";1;1;0;"no";"no";"no";"yes";"no";"yes";"yes";"no";5;4;5;1;1;3;0;"6";"0";0;
"GP";"M";16;"U";"GT3";"T";4;4;"services";"services";"course";"mother";1;1;0;"no";"no";"no";"yes";"yes";"yes";"yes";"no";5;3;2;1;2;5;0;"13";"12";12;
"GP";"F";18;"U";"GT3";"T";2;1;"other";"other";"course";"other";2;3;0;"no";"yes";"yes";"no";"no";"yes";"yes";"yes";4;4;4;1;1;3;0;"7";"0";0;"379"
"GP";"M";16;"U";"GT3";"T";2;1;"other";"other";"course";"mother";3;1;0;"no";"no";"no";"no";"yes";"yes";"yes";"no";4;3;3;1;1;4;6;"18";"18";18;"374"
"GP";"M";17;"U";"GT3";"T";2;3;"other";"other";"course";"father";2;1;0;"no";"no";"no";"no";"yes";"yes";"yes";"no";5;2;2;1;1;2;4;"12";"12";13;"239,362"
"GP";"M";22;"U";"GT3";"T";3;1;"services";"services";"other";"mother";1;1;3;"no";"no";"no";"no";"no";"no";"yes";"yes";5;4;5;5;5;1;16;"6";"8";8;
"GP";"M";18;"R";"LE3";"T";3;3;"other";"services";"course";"mother";1;2;1;"no";"yes";"no";"no";"yes";"yes";"yes";"yes";4;3;3;1;3;5;8;"3";"5";5;"54,338,21"
"GP";"M";16;"U";"GT3";"T";0;2;"other";"other";"other";"mother";1;1;0;"no";"no";"yes";"no";"no";"yes";"yes";"no";4;3;2;2;4;5;0;"13";"15";15;"278,173"
"GP";"M";18;"U";"GT3";"T";3;2;"services";"other";"course";"mother";2;1;1;"no";"no";"no";"no";"yes";"no";"yes";"no";4;4;5;2;4;5;0;"6";"8";8;
"GP";"M";16;"U";"GT3";"T";3;3;"at_home";"other";"reputation";"other";3;2;0;"yes";"yes";"no";"no";"no";"yes";"yes";"no";5;3;3;1;3;2;6;"7";"10";10;"184"
"GP";"M";18;"U";"GT3";"T";2;1;"services";"services";"other";"mother";1;1;1;"no";"no";"no";"no";"no";"no";"yes";"no";3;2;5;2;5;5;4;"6";"9";8;
"GP";"M";16;"R";"GT3";"T";2;1;"other";"other";"course";"mother";2;1;0;"no";"no";"no";"yes";"no";"yes";"no";"no";3;3;2;1;3;3;0;"8";"9";8;"312"
"GP";"M";17;"R";"GT3";"T";2;1;"other";"other";"course";"mother";1;1;0;"no";"no";"no";"no";"no";"yes";"yes";"no";4;4;2;2;4;5;0;"8";"12";12;"75,27"
"GP";"M";17;"U";"LE3";"T";1;1;"health";"other";"course";"mother";2;1;1;"no";"yes";"no";"yes";"yes";"yes";"yes";"no";4;4;4;1;2;5;2;"7";"9";8;"78"
"GP";"F";17;"U";"LE3";"T";4;2;"teacher";"services";"reputation";"mother";1;4;0;"no";"yes";"yes";"yes";"yes";"yes";"yes";"no";4;2;3;1;1;4;6;"14";"12";13;
"GP";"M";19;"U";"LE3";"A";4;3;"services";"at_home";"reputation";"mother";1;2;0;"no";"yes";"no";"no";"yes";"yes";"yes";"no";4;3;1;1;1;1;12;"11";"11";11;"247,221"
"GP";"M";18;"U";"GT3";"T";2;1;"other";"other";"home";"mother";1;2;0;"no";"no";"no";"yes";"yes";"yes";"yes";"no";5;2;4;1;2;4;8;"15";"14";14;"49"
"GP";"F";17;"U";"LE3";"T";2;2;"services";"services";"course";"father";1;4;0;"no";"no";"yes";"yes";"yes";"yes";"yes";"yes";3;4;1;1;1;2;0;"10";"9";0;"331"
"GP";"F";18;"U";"GT3";"T";4;3;"services";"other";"home";"father";1;2;0;"no";"yes";"yes";"no";"yes";"yes";"yes";"yes";3;1;2;1;3;2;21;"17";"18";18;"97,274,145"
"GP";"M";18;"U";"GT3";"T";4;3;"teacher";"other";"course";"mother";1;2;0;"no";"yes";"yes";"no";"no";"yes";"yes";"no";4;3;2;1;1;3;2;"8";"8";8;"276,341,231"
"GP";"M";18;"R";"GT3";"T";3;2;"other";"other";"course";"mother";1;3;0;"no";"no";"no";"yes";"no";"yes";"no";"no";5;3;2;1;1;3;1;"13";"12";12;"181,394"
"GP";"F";17;"U";"GT3";"T";3;3;"other";"other";"home";"mother";1;3;0;"no";"no";"no";"yes";"no";"yes";"no";"no";3;2;3;1;1;4;4;"10";"9";9;"230"
"GP";"F";18;"U";"GT3";"T";2;2;"at_home";"services";"home";"mother";1;3;0;"no";"yes";"yes";"yes";"yes";"yes";"yes";"yes";4;3;3;1;1;3;0;"9";"10";0;"20,227"
"GP";"M";18;"R";"LE3";"A";3;4;"other";"other";"reputation";"mother";2;2;0;"no";"yes";"yes";"yes";"yes";"yes";"yes";"no";4;2;5;3;4;1;13;"17";"17";17;"241,232,31"
"GP";"M";17;"U";"GT3";"T";3;1;"services";"other";"other";"mother";1;2;0;"no";"no";"yes";"yes";"yes";"yes";"yes";"yes";5;4;4;3;4;5;2;"9";"9";10;"162,386"
"GP";"F";18;"R";"GT3";"T";4;4;"teacher";"other";"reputation";"mother";2;2;0;"no";"no";"yes";"yes";"yes";"yes";"yes";"no";4;3;4;2;2;4;8;"12";"10";11;
"GP";"M";18;"U";"GT3";"T";4;2;"health";"other";"reputation";"father";1;2;0;"no";"yes";"yes";"yes";"yes";"yes";"yes";"yes";5;4;5;1;3;5;10;"10";"9";10;
"GP";"F";18;"R";"GT3";"T";2;1;"other";"other";"reputation";"mother";2;2;0;"no";"yes";"no";"no";"yes";"no";"yes";"yes";4;3;5;1;2;3;0;"6";"0";0;"298,89,31"
"GP";"F";19;"U";"GT3";"T";3;3;"other";"services";"home";"other";1;2;2;"no";"yes";"yes";"yes";"yes";"yes";"yes";"no";4;3;5;3;3;5;15;"9";"9";9;"186"
"GP";"F";18;"U";"GT3";"T";2;3;"other";"services";"reputation";"father";1;4;0;"no";"yes";"yes";"yes";"yes";"yes";"yes";"yes";4;5;5;1;3;2;4;"15";"14";14;"340,356"
"GP";"F";18;"U";"LE3";"T";1;1;"other";"other";"home";"mother";2;2;0;"no";"yes";"yes";"no";"no";"yes";"no";"no";4;4;3;1;1;3;2;"11";"11";11;"190,207,255"
"GP";"M";17;"R";"GT3";"T";1;2;"at_home";"at_home";"home";"mother";1;2;0;"no";"yes";"yes";"yes";"no";"yes";"no";"yes";3;5;2;2;2;1;2;"15";"14";14;"166"
"GP";"F";17;"U";"GT3";"T";2;4;"at_home";"health";"reputation";"mother";2;2;0;"no";"yes";"yes";"no";"yes";"yes";"yes";"yes";4;3;3;1;1;1;2;"10";"10";10;"327,264"
"GP";"F";17;"U";"LE3";"T";2;2;"services";"other";"course";"mother";2;2;0;"yes";"yes";"yes";"no";"yes";"yes";"yes";"yes";4;4;4;2;3;5;6;"12";"12";12;"236,145"
"GP";"F";18;"R";"GT3";"A";3;2;"other";"services";"home";"mother";2;2;0;"no";"no";"no";"no";"no";"no";"yes";"yes";4;1;1;1;1;5;75;"10";"9";9;"245,351,88"
"GP";"M";18;"U";"GT3";"T";4;4;"teacher";"services";"home";"mother";2;1;0;"no";"no";"yes";"yes";"yes";"yes";"yes";"no";3;2;4;1;4;3;22;"9";"9";9;"218,228"
"GP";"F";18;"U";"GT3";"T";4;4;"health";"health";"reputation";"father";1;2;1;"yes";"yes";"no";"yes";"yes";"yes";"yes";"yes";2;4;4;1;1;4;15;"9";"8";8;"281,305,64"
"GP";"M";18;"U";"LE3";"T";4;3;"teacher";"services";"course";"mother";2;1;0;"no";"no";"yes";"yes";"yes";"yes";"yes";"no";4;2;3;1;2;1;8;"10";"11";10;"1,18"
"GP";"M";17;"U";"LE3";"A";4;1;"services";"other";"home";"mother";2;1;0;"no";"no";"yes";"yes";"yes";"yes";"yes";"yes";4;5;4;2;4;5;30;"8";"8";8;"370,311,117"
"GP";"M";17;"U";"LE3";"A";3;2;"teacher";"services";"home";"mother";1;1;1;"no";"no";"no";"no";"yes";"yes";"yes";"no";4;4;4;3;4;3;19;"11";"9";10;"65,88,133"
"GP";"F";18;"R";"LE3";"T";1;1;"at_home";"other";"reputation";"mother";2;4;0;"no";"yes";"yes";"yes";"yes";"yes";"no";"no";5;2;2;1;1;3;1;"12";"12";12;"200,359"
"GP";"F";18;"U";"GT3";"T";1;1;"other";"other";"home";"mother";2;2;0;"yes";"no";"no";"yes";"yes";"yes";"yes";"no";5;4;4;1;1;4;4;"8";"9";10;"229,18"
"GP";"F";17;"U";"GT3";"T";2;2;"other";"other";"course";"mother";1;2;0;"no";"yes";"no";"no";"no";"yes";"yes";"no";5;4;5;1;2;5;4;"10";"9";11;"144,393"
"GP";"M";17;"U";"GT3";"T";1;1;"other";"other";"reputation";"father";1;2;0;"no";"no";"yes";"no";"no";"yes";"yes";"no";4;3;3;1;2;4;2;"12";"10";11;"321,395,16"
"GP";"F";18;"U";"GT3";"T";2;2;"at_home";"at_home";"other";"mother";1;3;0;"no";"yes";"yes";"no";"yes";"yes";"yes";"no";4;3;3;1;2;2;5;"18";"18";19;"382,227,302"
"GP";"F";17;"U";"GT3";"T";1;1;"services";"teacher";"reputation";"mother";1;3;0;"no";"yes";"yes";"no";"yes";"yes";"yes";"no";4;3;3;1;1;3;6;"13";"12";12;"264,78"
"GP";"M";18;"U";"GT3";"T";2;1;"services";"services";"reputation";"mother";1;3;0;"no";"no";"yes";"yes";"yes";"yes";"yes";"no";4;2;4;1;3;2;6;"15";"14";14;"225,88"
"GP";"M";18;"U";"LE3";"A";4;4;"teacher";"teacher";"reputation";"mother";1;2;0;"no";"yes";"yes";"yes";"yes";"yes";"yes";"no";5;4;3;1;1;2;9;"15";"13";15;"296"
"GP";"M";18;"U";"GT3";"T";4;2;"teacher";"other";"home";"mother";1;2;0;"no";"yes";"yes";"yes";"yes";"yes";"yes";"yes";4;3;2;1;4;5;11;"12";"11";11;"48,303"
"GP";"F";17;"U";"GT3";"T";4;3;"health";"services";"reputation";"mother";1;3;0;"no";"yes";"yes";"no";"yes";"yes";"yes";"no";4;2;2;1;2;3;0;"15";"15";15;"273,222,57"
"GP";"F";18;"U";"LE3";"T";2;1;"services";"at_home";"reputation";"mother";1;2;1;"no";"no";"no";"no";"yes";"yes";"yes";"yes";5;4;3;1;1;5;12;"12";"12";13;"237,310"
"GP";"F";17;"R";"LE3";"T";3;1;"services";"other";"reputation";"mother";2;4;0;"no";"yes";"yes";"no";"yes";"yes";"no";"no";3;1;2;1;1;3;6;"18";"18";18;"306,12"
"GP";"M";18;"R";"LE3";"T";3;2;"services";"other";"reputation";"mother";2;3;0;"no";"yes";"yes";"yes";"yes";"yes";"yes";"no";5;4;2;1;1;4;8;"14";"13";14;"326,328"
"GP";"M";17;"U";"GT3";"T";3;3;"health";"other";"home";"mother";1;1;0;"no";"yes";"yes";"no";"yes";"yes";"yes";"no";4;4;3;1;3;5;4;"14";"12";11;"3"
"GP";"F";19;"U";"GT3";"T";4;4;"health";"other";"reputation";"other";2;2;0;"no";"yes";"yes";"yes";"yes";"yes";"yes";"no";2;3;4;2;3;2;0;"10";"9";0;
"GP";"F";18;"U";"LE3";"T";4;3;"other";"other";"home";"other";2;2;0;"no";"yes";"yes";"no";"yes";"yes";"yes";"yes";4;4;5;1;2;2;10;"10";"8";8;
"GP";"F";18;"U";"GT3";"T";4;3;"other";"other";"reputation";"father";1;4;0;"no";"yes";"yes";"no";"yes";"yes";"yes";"no";4;3;3;1;1;3;0;"14";"13";14;"307,54,304"
"GP";"M";18;"U";"LE3";"T";4;4;"teacher";"teacher";"home";"mother";1;1;0;"no";"yes";"yes";"no";"yes";"yes";"yes";"yes";1;4;2;2;2;1;5;"16";"15";16;
"GP";"F";18;"U";"LE3";"A";4;4;"health";"other";"home";"mother";1;2;0;"no";"yes";"no";"no";"yes";"yes";"yes";"yes";4;2;4;1;1;4;14;"12";"10";11;
"GP";"M";17;"U";"LE3";"T";4;4;"other";"teacher";"home";"father";2;1;0;"no";"no";"yes";"no";"yes";"yes";"yes";"no";4;1;1;2;2;5;0;"11";"11";10;"114"
"GP";"F";17;"U";"GT3";"T";4;2;"other";"other";"reputation";"mother";2;3;0;"no";"yes";"yes";"no";"yes";"yes";"yes";"no";4;3;3;1;1;3;0;"15";"12";14;"356,77,160"
"GP";"F";17;"U";"GT3";"T";3;2;"health";"health";"reputation";"father";1;4;0;"no";"yes";"yes";"yes";"no";"yes";"yes";"no";5;2;2;1;2;5;0;"17";"17";18;"99,103,382"
"GP";"M";19;"U";"GT3";"T";3;3;"other";"other";"home";"other";1;2;1;"no";"yes";"no";"yes";"yes";"yes";"yes";"yes";4;4;4;1;1;3;20;"15";"14";13;"333,95,228"
"GP";"F";18;"U";"GT3";"T";2;4;"services";"at_home";"reputation";"other";1;2;1;"no";"yes";"yes";"yes";"yes";"yes";"yes";"no";4;4;3;1;1;3;8;"14";"12";12;"74,180,183"
"GP";"M";20;"U";"GT3";"A";3;2;"services";"other";"course";"other";1;1;0;"no";"no";"no";"yes";"yes";"yes";"no";"no";5;5;3;1;1;5;0;"17";"18";18;"270"
"GP";"M";19;"U";"GT3";"T";4;4;"teacher";"services";"reputation";"other";2;1;1;"no";"yes";"yes";"no";"yes";"yes";"yes";"yes";4;3;4;1;1;4;38;"8";"9";8;"52,142"
"GP";"M";19;"R";"GT3";"T";3;3;"other";"services";"reputation";"father";1;2;1;"no";"no";"no";"yes";"yes";"yes";"no";"yes";4;5;3;1;2;5;0;"15";"12";12;"284,380,37"
"GP";"F";19;"U";"LE3";"T";1;1;"at_home";"other";"reputation";"other";1;2;1;"yes";"yes";"no";"yes";"no";"yes";"yes";"no";4;4;3;1;3;3;18;"12";"10";10;"94,77"
"GP";"F";19;"U";"LE3";"T";1;2;"services";"services";"home";"other";1;2;1;"no";"no";"no";"yes";"no";"yes";"no";"yes";4;2;4;2;2;3;0;"9";"9";0;"370,313,291"
"GP";"F";19;"U";"GT3";"T";2;1;"at_home";"other";"other";"other";3;2;0;"no";"yes";"no";"no";"yes";"no";"yes";"yes";3;4;1;1;1;2;20;"14";"12";13;"383,260,323"
"GP";"M";19;"U";"GT3";"T";1;2;"other";"services";"course";"other";1;2;1;"no";"no";"no";"no";"no";"yes";"yes";"no";4;5;2;2;2;4;3;"13";"11";11;"319,299,387"
"GP";"F";19;"U";"LE3";"T";3;2;"services";"other";"reputation";"other";2;2;1;"no";"yes";"yes";"no";"no";"yes";"yes";"yes";4;2;2;1;2;1;22;"13";"10";11;"137,174"
"GP";"F";19;"U";"GT3";"T";1;1;"at_home";"health";"home";"other";1;3;2;"no";"no";"no";"no";"no";"yes";"yes";"yes";4;1;2;1;1;3;14;"15";"13";13;"20,288,140"
"GP";"F";19;"R";"GT3";"T";2;3;"other";"other";"reputation";"other";1;3;1;"no";"no";"no";"no";"yes";"yes";"yes";"yes";4;1;2;1;1;3;40;"13";"11";11;"375,388"
"GP";"F";18;"U";"GT3";"T";2;1;"services";"other";"course";"mother";2;2;0;"no";"yes";"yes";"yes";"yes";"yes";"yes";"no";5;3;3;1;2;1;0;"8";"8";0;"195"
"GP";"F";18;"U";"GT3";"T";4;3;"other";"other";"course";"mother";1;3;0;"no";"yes";"yes";"yes";"yes";"yes";"yes";"yes";4;3;4;1;1;5;9;"9";"10";9;"134,124"
"GP";"F";17;"R";"GT3";"T";3;4;"at_home";"services";"course";"father";1;3;0;"no";"yes";"yes";"yes";"no";"yes";"yes";"no";4;3;4;2;5;5;0;"11";"11";10;"79"
"GP";"F";18;"U";"GT3";"T";4;4;"teacher";"other";"course";"mother";1;2;0;"no";"yes";"yes";"no";"yes";"yes";"yes";"no";4;4;4;3;3;5;2;"11";"11";11;"216,135"
"GP";"F";17;"U";"GT3";"A";4;3;"services";"services";"course";"mother";1;2;0;"no";"yes";"yes";"no";"yes";"yes";"yes";"yes";5;2;2;1;2;5;23;"13";"13";13;"92"
"GP";"F";17;"U";"GT3";"T";2;2;"other";"other";"course";"mother";1;2;0;"no";"yes";"no";"no";"yes";"yes";"no";"yes";4;2;2;1;1;3;12;"11";"9";9;
"GP";"F";17;"R";"LE3";"T";2;2;"services";"services";"course";"mother";1;3;0;"no";"yes";"yes";"yes";"yes";"yes";"yes";"no";3;3;2;2;2;3;3;"11";"11";11;"180,331,278"
"GP";"F";17;"U";"GT3";"T";3;1;"services";"services";"course";"father";1;3;0;"no";"yes";"no";"no";"no";"yes";"yes";"no";3;4;3;2;3;5;1;"12";"14";15;
"GP";"F";17;"U";"LE3";"T";0;2;"at_home";"at_home";"home";"father";2;3;0;"no";"no";"no";"no";"yes";"yes";"yes";"no";3;3;3;2;3;2;0;"16";"15";15;"270,231,33"
"GP";"M";18;"U";"GT3";"T";4;4;"other";"other";"course";"mother";1;3;0;"no";"no";"no";"yes";"yes";"yes";"yes";"no";4;3;3;2;2;3;3;"9";"12";11;
"GP";"M";17;"U";"GT3";"T";3;3;"other";"services";"reputation";"mother";1;1;0;"no";"no";"no";"yes";"no";"yes";"yes";"no";4;3;5;3;5;5;3;"14";"15";16;
"GP";"M";17;"R";"GT3";"T";2;2;"services";"other";"course";"mother";4;1;0;"no";"yes";"no";"no";"yes";"yes";"yes";"no";4;4;5;5;5;4;8;"11";"10";10;"359"
"GP";"F";17;"U";"GT3";"T";4;4;"teacher";"services";"course";"mother";1;3;0;"no";"yes";"yes";"yes";"yes";"yes";"yes";"no";5;4;4;1;3;4;7;"10";"9";9;"282,21"
"GP";"F";17;"U";"GT3";"T";4;4;"teacher";"teacher";"course";"mother";2;3;0;"no";"yes";"yes";"no";"no";"yes";"yes";"yes";4;3;3;1;2;4;4;"14";"14";14;"150,172"
"GP";"M";18;"U";"LE3";"T";2;2;"other";"other";"course";"mother";1;4;0;"no";"yes";"no";"yes";"yes";"yes";"yes";"no";4;5;5;2;4;5;2;"9";"8";8;"235"
"GP";"F";17;"R";"GT3";"T";2;4;"at_home";"other";"course";"father";1;3;0;"no";"yes";"no";"no";"yes";"yes";"yes";"yes";4;4;3;1;1;5;7;"12";"14";14;
"GP";"F";18;"U";"GT3";"T";3;3;"services";"services";"home";"mother";1;2;0;"no";"no";"no";"yes";"yes";"yes";"yes";"no";5;3;4;1;1;4;0;"7";"0";0;"204"
"GP";"F";18;"U";"LE3";"T";2;2;"other";"other";"home";"other";1;2;0;"no";"no";"no";"yes";"no";"yes";"yes";"yes";4;3;3;1;1;2;0;"8";"8";0;"237,393"
"GP";"F";18;"R";"GT3";"T";2;2;"at_home";"other";"course";"mother";2;4;0;"no";"no";"no";"yes";"yes";"yes";"no";"no";4;4;4;1;1;4;0;"10";"9";0;"182"
"GP";"F";17;"U";"GT3";"T";3;4;"services";"other";"course";"mother";1;3;0;"no";"no";"no";"no";"yes";"yes";"yes";"no";4;4;5;1;3;5;16;"16";"15";15;"73,310,343"
"GP";"F";19;"R";"GT3";"A";3;1;"services";"at_home";"home";"other";1;3;1;"no";"no";"yes";"no";"yes";"yes";"no";"no";5;4;3;1;2;5;12;"14";"13";13;
"GP";"F";17;"U";"GT3";"T";3;2;"other";"other";"home";"mother";1;2;0;"no";"yes";"yes";"no";"yes";"yes";"yes";"yes";4;3;2;2;3;2;0;"7";"8";0;"323,359"
"GP";"F";18;"U";"LE3";"T";3;3;"services";"services";"home";"mother";1;4;0;"no";"yes";"no";"no";"yes";"yes";"yes";"no";5;3;3;1;1;1;7;"16";"15";17;"89"
"GP";"F";17;"R";"GT3";"A";3;2;"other";"other";"home";"mother";1;2;0;"no";"yes";"yes";"no";"yes";"yes";"yes";"no";4;3;3;2;3;2;4;"9";"10";10;"246,170,313"
"GP";"F";19;"U";"GT3";"T";2;1;"services";"services";"home";"other";1;3;1;"no";"no";"yes";"yes";"yes";"yes";"yes";"yes";4;3;4;1;3;3;4;"11";"12";11;"105"
"GP";"M";18;"U";"GT3";"T";4;4;"teacher";"services";"home";"father";1;2;1;"no";"yes";"no";"yes";"yes";"yes";"yes";"no";4;3;3;2;2;2;0;"10";"10";0;"39,386,367"
"GP";"M";18;"U";"LE3";"T";3;4;"services";"other";"home";"mother";1;2;0;"no";"no";"no";"yes";"yes";"yes";"yes";"yes";4;3;3;1;3;5;11;"16";"15";15;"276,224,394"
"GP";"F";17;"U";"GT3";"A";2;2;"at_home";"at_home";"home";"father";1;2;1;"no";"yes";"no";"no";"yes";"yes";"yes";"yes";3;3;1;1;2;4;0;"9";"8";0;
"GP";"F";18;"U";"GT3";"T";2;3;"at_home";"other";"course";"mother";1;3;0;"no";"yes";"no";"no";"yes";"yes";"yes";"no";4;3;3;1;2;3;4;"11";"10";10;
"GP";"F";18;"U";"GT3";"T";3;2;"other";"services";"other";"mother";1;3;0;"no";"no";"no";"no";"yes";"yes";"yes";"yes";5;4;3;2;3;1;7;"13";"13";14;"305,205,386"
"GP";"M";18;"R";"GT3";"T";4;3;"teacher";"services";"course";"mother";1;3;0;"no";"no";"no";"no";"yes";"yes";"yes";"yes";5;3;2;1;2;4;9;"16";"15";16;"324,199"
"GP";"M";18;"U";"GT3";"T";4;3;"teacher";"other";"course";"mother";1;3;0;"no";"yes";"yes";"no";"yes";"yes";"yes";"yes";5;4;5;2;3;5;0;"10";"10";9;"378,142,50"
"GP";"F";17;"U";"GT3";"T";4;3;"health";"other";"reputation";"mother";1;3;0;"no";"yes";"yes";"yes";"yes";"yes";"yes";"yes";4;4;3;1;3;4;0;"13";"15";15;"12,305,386"
"MS";"M";18;"R";"GT3";"T";3;2;"other";"other";"course";"mother";2;1;1;"no";"yes";"no";"no";"no";"yes";"yes";"no";2;5;5;5;5;5;10;"11";"13";13;"259,223"
"MS";"M";19;"R";"GT3";"T";1;1;"other";"services";"home";"other";3;2;3;"no";"no";"no";"no";"yes";"yes";"yes";"no";5;4;4;3;3;2;8;"8";"7";8;
"MS";"M";17;"U";"GT3";"T";3;3;"health";"other";"course";"mother";2;2;0;"no";"yes";"yes";"no";"yes";"yes";"yes";"no";4;5;4;2;3;3;2;"13";"13";13;"328,64,279"
"MS";"M";18;"U";"LE3";"T";1;3;"at_home";"services";"course";"mother";1;1;1;"no";"no";"no";"no";"yes";"no";"yes";"yes";4;3;3;2;3;3;7;"8";"7";8;"343,9,332"
"MS";"M";19;"R";"GT3";"T";1;1;"other";"other";"home";"other";3;1;1;"no";"yes";"no";"no";"yes";"yes";"yes";"no";4;4;4;3;3;5;4;"8";"8";8;
"MS";"M";17;"R";"GT3";"T";4;3;"services";"other";"home";"mother";2;2;0;"no";"yes";"yes";"yes";"no";"yes";"yes";"yes";4;5;5;1;3;2;4;"13";"11";11;
"MS";"F";18;"U";"GT3";"T";3;3;"services";"services";"course";"father";1;2;0;"no";"yes";"no";"no";"yes";"yes";"no";"yes";5;3;4;1;1;5;0;"10";"9";9;"246,270,244"
"MS";"F";17;"R";"GT3";"T";4;4;"teacher";"services";"other";"father";2;2;0;"no";"yes";"yes";"yes";"yes";"yes";"yes";"no";4;3;3;1;2;5;4;"12";"13";13;"203,27,115"
"MS";"F";17;"U";"LE3";"A";3;2;"services";"other";"reputation";"mother";2;2;0;"no";"no";"no";"no";"yes";"yes";"no";"yes";1;2;3;1;2;5;2;"12";"12";11;
"MS";"M";18;"U";"LE3";"T";1;1;"other";"services";"home";"father";2;1;0;"no";"no";"no";"no";"no";"yes";"yes";"yes";3;3;2;1;2;3;4;"10";"10";10;
"MS";"F";18;"U";"LE3";"T";1;1;"at_home";"services";"course";"father";2;3;0;"no";"no";"no";"no";"yes";"yes";"yes";"no";5;3;2;1;1;4;0;"18";"16";16;"387,98"
"MS";"F";18;"R";"LE3";"A";1;4;"at_home";"other";"course";"mother";3;2;0;"no";"no";"no";"no";"yes";"yes";"no";"yes";4;3;4;1;4;5;0;"13";"13";13;"80,364"
"MS";"M";18;"R";"LE3";"T";1;1;"at_home";"other";"other";"mother";2;2;1;"no";"no";"no";"yes";"no";"no";"no";"no";4;4;3;2;3;5;2;"13";"12";12;"261"
"MS";"F";18;"U";"GT3";"T";3;3;"services";"services";"other";"mother";2;2;0;"no";"yes";"no";"no";"yes";"yes";"yes";"yes";4;3;2;1;3;3;0;"11";"11";10;"273"
"MS";"F";17;"U";"LE3";"T";4;4;"at_home";"at_home";"course";"mother";1;2;0;"no";"yes";"yes";"yes";"yes";"yes";"yes";"yes";2;3;4;1;1;1;0;"16";"15";15;"97"
"MS";"F";17;"R";"GT3";"T";1;2;"other";"services";"course";"father";2;2;0;"no";"no";"no";"no";"no";"yes";"no";"no";3;2;2;1;2;3;0;"12";"11";12;"377"
"MS";"M";18;"R";"GT3";"T";1;3;"at_home";"other";"course";"mother";2;2;0;"no";"yes";"yes";"no";"yes";"yes";"no";"no";3;3;4;2;4;3;4;"10";"10";10;"221,170"
"MS";"M";18;"U";"LE3";"T";4;4;"teacher";"services";"other";"mother";2;3;0;"no";"no";"yes";"no";"yes";"yes";"yes";"yes";4;2;2;2;2;5;0;"13";"13";13;"175,277"
"MS";"F";17;"R";"GT3";"T";1;1;"other";"services";"reputation";"mother";3;1;1;"no";"yes";"yes";"no";"yes";"yes";"yes";"yes";5;2;1;1;2;1;0;"7";"6";0;"55,371,91"
"MS";"F";18;"U";"GT3";"T";2;3;"at_home";"services";"course";"father";2;1;0;"no";"yes";"yes";"no";"yes";"yes";"yes";"yes";5;2;3;1;2;4;0;"11";"10";10;"241,43"
"MS";"F";18;"R";"GT3";"T";4;4;"other";"teacher";"other";"father";3;2;0;"no";"yes";"yes";"no";"no";"yes";"yes";"yes";3;2;2;4;2;5;10;"14";"12";11;"323,386"
"MS";"F";19;"U";"LE3";"T";3;2;"services";"services";"home";"other";2;2;2;"no";"no";"no";"yes";"yes";"yes";"no";"yes";3;2;2;1;1;3;4;"7";"7";9;"339,128"
"MS";"M";18;"R";"LE3";"T";1;2;"at_home";"services";"other";"father";3;1;0;"no";"yes";"yes";"yes";"yes";"no";"yes";"yes";4;3;3;2;3;3;3;"14";"12";12;"217"
"MS";"F";17;"U";"GT3";"T";2;2;"other";"at_home";"home";"mother";1;3;0;"no";"no";"no";"yes";"yes";"yes";"no";"yes";3;4;3;1;1;3;8;"13";"11";11;"134"
"MS";"F";17;"R";"GT3";"T";1;2;"other";"other";"course";"mother";1;1;0;"no";"no";"no";"yes";"yes";"yes";"yes";"no";3;5;5;1;3;1;14;"6";"5";5;
"MS";"F";18;"R";"LE3";"T";4;4;"other";"other";"reputation";"mother";2;3;0;"no";"no";"no";"no";"yes";"yes";"yes";"no";5;4;4;1;1;1;0;"19";"18";19;
"MS";"F";18;"R";"GT3";"T";1;1;"other";"other";"home";"mother";4;3;0;"no";"no";"no";"no";"yes";"yes";"yes";"no";4;3;2;1;2;4;2;"8";"8";10;"187,181"
"MS";"F";20;"U";"GT3";"T";4;2;"health";"other";"course";"other";2;3;2;"no";"yes";"yes";"no";"no";"yes";"yes";"yes";5;4;3;1;1;3;4;"15";"14";15;"311"
"MS";"F";18;"R";"LE3";"T";4;4;"teacher";"services";"course";"mother";1;2;0;"no";"no";"yes";"yes";"yes";"yes";"yes";"no";5;4;3;3;4;2;4;"8";"9";10;"226,356"
"MS";"F";18;"U";"GT3";"T";3;3;"other";"other";"home";"mother";1;2;0;"no";"no";"yes";"no";"yes";"yes";"yes";"yes";4;1;3;1;2;1;0;"15";"15";15;
"MS";"F";17;"R";"GT3";"T";3;1;"at_home";"other";"reputation";"mother";1;2;0;"no";"yes";"yes";"yes";"no";"yes";"yes";"no";4;5;4;2;3;1;17;"10";"10";10;
"MS";"M";18;"U";"GT3";"T";4;4;"teacher";"teacher";"home";"father";1;2;0;"no";"no";"yes";"yes";"no";"yes";"yes";"no";3;2;4;1;4;2;4;"15";"14";14;"86,247"
"MS";"M";18;"R";"GT3";"T";2;1;"other";"other";"other";"mother";2;1;0;"no";"no";"no";"yes";"no";"yes";"yes";"yes";4;4;3;1;3;5;5;"7";"6";7;"262,46"
"MS";"M";17;"U";"GT3";"T";2;3;"other";"services";"home";"father";2;2;0;"no";"no";"no";"yes";"yes";"yes";"yes";"no";4;4;3;1;1;3;2;"11";"11";10;
"MS";"M";19;"R";"GT3";"T";1;1;"other";"services";"other";"mother";2;1;1;"no";"no";"no";"no";"yes";"yes";"no";"no";4;3;2;1;3;5;0;"6";"5";0;"133"
"MS";"M";18;"R";"GT3";"T";4;2;"other";"other";"home";"father";2;1;1;"no";"no";"yes";"no";"yes";"yes";"no";"no";5;4;3;4;3;3;14;"6";"5";5;"342"
"MS";"F";18;"R";"GT3";"T";2;2;"at_home";"other";"other";"mother";2;3;0;"no";"no";"yes";"no";"yes";"yes";"no";"no";5;3;3;1;3;4;2;"10";"9";10;
"MS";"F";18;"R";"GT3";"T";4;4;"teacher";"at_home";"reputation";"mother";3;1;0;"no";"yes";"yes";"yes";"yes";"yes";"yes";"yes";4;4;3;2;2;5;7;"6";"5";6;"56,130,370"
"MS";"F";19;"R";"GT3";"T";2;3;"services";"other";"course";"mother";1;3;1;"no";"no";"no";"yes";"no";"yes";"yes";"no";5;4;2;1;2;5;0;"7";"5";0;"26,100"
"MS";"F";18;"U";"LE3";"T";3;1;"teacher";"services";"course";"mother";1;2;0;"no";"yes";"yes";"no";"yes";"yes";"yes";"no";4;3;4;1;1;1;0;"7";"9";8;"353"
"MS";"F";18;"U";"GT3";"T";1;1;"other";"other";"course";"mother";2;2;1;"no";"no";"no";"yes";"yes";"yes";"no";"no";1;1;1;1;1;5;0;"6";"5";0;"184,286,38"
"MS";"M";20;"U";"LE3";"A";2;2;"services";"services";"course";"other";1;2;2;"no";"yes";"yes";"no";"yes";"yes";"no";"no";5;5;4;4;5;4;11;"9";"9";9;"6"
"MS";"M";17;"U";"LE3";"T";3;1;"services";"services";"course";"mother";2;1;0;"no";"no";"no";"no";"no";"yes";"yes";"no";2;4;5;3;4;2;3;"14";"16";16;"304,9,129"
"MS";"M";21;"R";"GT3";"T";1;1;"other";"other";"course";"other";1;1;3;"no";"no";"no";"no";"no";"yes";"no";"no";5;5;3;3;3;3;3;"10";"8";7;"13,101,219"
"MS";"M";18;"R";"LE3";"T";3;2;"services";"other";"course";"mother";3;1;0;"no";"no";"no";"no";"no";"yes";"yes";"no";4;4;1;3;4;5;0;"11";"12";10;"154,58,346"
"MS";"M";19;"U";"LE3";"T";1;1;"other";"at_home";"course";"father";1;1;0;"no";"no";"no";"no";"yes";"yes";"yes";"no";3;2;3;3;3;5;5;"8";"9";9;
